{
    "INPUTS": [
        'scale'
    ],
    "ATTRIBUTES": [
        ('epsilon', 1e-5),
        ('momentum', 0.9)
    ],
    "TOTORCH": {
        "_BN_CLASS_FROM_SPATIAL_RANK": {
            "num_features": {
                "mode": "EXPRESSION",
                "expression": "scale.size()[0]",
            },
            "eps": {
                "mode": "DIRECTLY",
                "expression": "epsilon",
            }
            "momentum": {
                "mode": "EXPRESSION",
                "expression": "1 - momentum",
            }
        }
    }
}